"#ID","Project","Client","Member","Task","Duration","Hours"
"1","1main-wraiper","12/09/2021","content                                                 1","100.55","12.5","100.55"
"2","2main-wraiper","12/09/2021","content                                                 2","200.55","22.5","200.55"
"3","3main-wraiper","12/09/2021","content                                                 3","300.55","32.5","300.55"
"4","4main-wraiper","12/09/2021","content                                                 4","400.55","42.5","400.55"
"5","5main-wraiper","12/09/2021","content                                                 5","500.55","52.5","500.55"
"6","6main-wraiper","12/09/2021","content                                                 6","600.55","62.5","600.55"
"7","7main-wraiper","12/09/2021","content                                                 7","700.55","72.5","700.55"
"8","8main-wraiper","12/09/2021","content                                                 8","800.55","82.5","800.55"
"9","9main-wraiper","12/09/2021","content                                                 9","900.55","92.5","900.55"
"10","10main-wraiper","12/09/2021","content                                                 10","1000.55","102.5","1000.55"
"11","11main-wraiper","12/09/2021","content                                                 11","1100.55","112.5","1100.55"
"12","12main-wraiper","12/09/2021","content                                                 12","1200.55","122.5","1200.55"
"13","13main-wraiper","12/09/2021","content                                                 13","1300.55","132.5","1300.55"
"14","14main-wraiper","12/09/2021","content                                                 14","1400.55","142.5","1400.55"